primaryName,film_count
Jennifer Coolidge,4
Dakota Johnson,4
Rita Ora,3
James Corden,3
Idris Elba,3
Jamie Dornan,3
Rob Schneider,3
Ice Cube,3
Victor Rasuk,3
Willem Dafoe,3
Carmen Electra,3
Eddie Griffin,3
Ashley Greene,3
Max Martini,3
Eloise Mumford,3
Taylor Lautner,3
Luke Grimes,3
Salma Hayek,2
Diedrich Bader,2
Kit Harington,2
Malcolm McDowell,2
Rip Torn,2
Francis Guinan,2
Samuel L. Jackson,2
Darrell Hammond,2
Akshay Kumar,2
Nicolas Cage,2
Demi Moore,2
Leelee Sobieski,2
Anna Faris,2
Justin Long,2
Adam Campbell,2
Rajpal Naurang Yadav,2
Jackson Rathbone,2
Marcia Gay Harden,2
Sanjay Dutt,2
Owen Wilson,2
Jackie Shroff,2
Lindsay Lohan,2
Byron Mann,2
Matt Lanter,2
Jennifer Ehle,2
James Remar,2
Mike Myers,2
Will Smith,2
Eddie Murphy,2
Billy Burke,2
Tony Cox,2
Rajesh Sharma,2
Ryan Hansen,2
T.J. Miller,2
Carla Gugino,2
Musetta Vander,2
Steven Wright,2
Robert Pattinson,2
Brad Dourif,2
Breckin Meyer,2
Frances Conroy,2
David Cross,2
Eric Johnson,2
Robert Joy,2
Saif Ali Khan,2
Kristen Stewart,2
Arnold Schwarzenegger,2
Will Ferrell,2
Mike Hagerty,2
Jack Black,2
Meagan Good,2
Crispin Glover,2
Jason Statham,2
Colleen Camp,2
Scarlett Johansson,2
Ashwini Kalsekar,2
Jane Adams,2
Terry Crews,2
Kal Penn,2
Arjun Kapoor,2
Adam Sandler,2
David Alan Grier,2
Fred Willard,2
Ranveer Singh,2
Sandra Bullock,1
Julianne Moore,1
Gary Oldman,1
Al Pacino,1
John Travolta,1
Danny DeVito,1
Gene Hackman,1
Michael Keaton,1
John Malkovich,1
Edward Asner,1
Toni Collette,1
Robert Forster,1
John Glover,1
Michael Gough,1
Bob Hoskins,1
Janet Jackson,1
Amanda Peet,1
M. Emmet Walsh,1
Ming-Na Wen,1
Kristin Davis,1
Alyson Hannigan,1
Lin Shaye,1
Luke Wilson,1
Scott Adkins,1
Thom Barry,1
Billy Boyd,1
Heather Burns,1
Michael Caton,1
Donald Faison,1
Christine Firkins,1
Amy Hill,1
Neil Hopkins,1
Heather Jocelyn Blair,1
Rya Kihlstedt,1
Kevin Kilner,1
Floyd Levine,1
Ted Levine,1
Sean Maguire,1
Jesse McCartney,1
Ty Olsson,1
Lidia Porto,1
Emmanuel Quatra,1
Michael Shannon,1
Steve Sleap,1
Amy Stiller,1
Holland Taylor,1
Sergej Trifunovic,1
Xzibit,1
Mohan Kapur,1
Claudia Katz Minnick,1
Zachary Levi,1
Joel Kinnaman,1
Prachee Shah,1
Miley Cyrus,1
Swaggybark,1
Rosemarie DeWitt,1
Manish Wadhwa,1
Olivia Thirlby,1
Jacob Latimore,1
Moe Dunford,1
Bridget Brown,1
Fatih Yasin,1
Dylan Morris,1
Tiger Shroff,1
Daniela Norman,1
Greg Kinnear,1
Oliver Platt,1
Fisher Stevens,1
Kari Wuhrer,1
Steve Zahn,1
Tara Reid,1
Reiko Aylesworth,1
Jamie Bell,1
Andrew Bryniarski,1
Robert John Burke,1
Dan Castellaneta,1
Reg E. Cathey,1
Damian Chapa,1
Kristin Chenoweth,1
Gary Cole,1
Allen Covert,1
Keith David,1
Mark Duplass,1
Ceyda Düvenci,1
Dimple Kapadia,1
Jaime King,1
Johnny Lewis,1
Mako,1
Brian McCardie,1
Melissa McCarthy,1
Tracy Morgan,1
Cheri Oteri,1
John Rhys-Davies,1
Hannah Spearritt,1
Octavia Spencer,1
Brian Thompson,1
Srdjan 'Zika' Todorovic,1
Frederique Van Der Wal,1
Shea Whigham,1
Katt Williams,1
Digger Mesch,1
Rob Blake,1
Jareb Dauplaise,1
Ariel Gade,1
Rachael Ray,1
Agastya Nanda,1
Liam Garrigan,1
Greg Ellery,1
Chris O'Dowd,1
Rudra Mahuvakar,1
Ana de Armas,1
Kristofer Hivju,1
Sunny Singh,1
Kimberly Cox,1
Mateusz Lasowski,1
Troye Sivan,1
Saxon Sharbino,1
Priyanka Bose,1
Gautam Gulati,1
Nikolay Efremov,1
Sarah Yarkin,1
Brady Allen,1
Özlem Balci,1
Mahesh Ginnilaal,1
Hari Nef,1
Krishna Kotian,1
Rachel Sennott,1
George Salazar,1
Cedric Joe,1
Matthew Broderick,1
George Clooney,1
Kevin Kline,1
Charlie Sheen,1
Bai Ling,1
Tom Arnold,1
Ciarán Hinds,1
Yaphet Kotto,1
Jason Flemyng,1
Andy Dick,1
Katie Holmes,1
Brandy Norwood,1
Carlos Ponce,1
Simon Rex,1
Chris Britton,1
Nick Chinlund,1
John Gleeson Connolly,1
Jackie Cooper,1
Ken Davitian,1
Diane Delano,1
Alex Dimitriades,1
Dan Gerrity,1
Jared Harris,1
John Hawkes,1
Gabriel Macht,1
David Brian Martin,1
Michael Massee,1
Haviland Morris,1
Govind Namdeo,1
Molly Parker,1
Michael Peña,1
John Posey,1
Ronit Roy,1
Rade Serbedzija,1
Dave Sheridan,1
Richard Tyson,1
Kerry Washington,1
Gabriel Williams,1
Steven Pasquale,1
Suzanna Son,1
Ida Martin,1
David E. Collier,1
Nicole Parker,1
Volkan Basaran,1
Crista Flanagan,1
Ignacia Allamand,1
Nat Wolff,1
Constance Wu,1
Kerry Bishé,1
Sharad Kelkar,1
Jennie Kim,1
Diwakar Dhyani,1
Otar Saralidze,1
Jack Ettlinger,1
Jalyn Hall,1
Celeste O'Connor,1
Enes Batur,1
Dan Aykroyd,1
Tim Robbins,1
Hank Azaria,1
Kim Cattrall,1
Robert Englund,1
Jason Patric,1
Talisa Soto,1
Joanna Cassidy,1
Jeffrey Combs,1
Jessica Cauffiel,1
Marisa Coughlan,1
Bernie Mac,1
Carrie-Anne Moss,1
Peter Strauss,1
Ike Barinholtz,1
Slobodan Bestic,1
Bill Cobbs,1
Jackson Davies,1
David Eigenberg,1
Louis Emerick,1
Rosemary Forsyth,1
Will Forte,1
Colleen Haskell,1
Emile Hirsch,1
Randeep Hooda,1
Héctor Jiménez,1
Charles Keating,1
Jane Lynch,1
Cynthia Nixon,1
Mojo Nixon,1
Sudhanshu Pandey,1
Maggie Q,1
Daryl Sabara,1
Common,1
Jelena Gavrilovic,1
Alia Bhatt,1
Andira Crichlow,1
Anneliese van der Pol,1
Kari Wahlgren,1
Vedang Raina,1
Craig Russell,1
Dan Janjigian,1
Dev Patel,1
Nicola Peltz Beckham,1
Kim Kardashian,1
Taylan Güner,1
Ismail Hakki Ürün,1
Peter Blankenstein,1
Justin Bieber,1
Kritika Kamra,1
Aiden Lovekamp,1
Arjun Kanungo,1
Bhoomika Meena,1
Harvey Keitel,1
Nancy Allen,1
Mariel Hemingway,1
Kelly Preston,1
Eric Stoltz,1
Ellen Burstyn,1
Anthony Michael Hall,1
Kylie Minogue,1
Patrick Stewart,1
Richard Edson,1
Sam Rockwell,1
Lisa Zane,1
Chuck Campbell,1
John Castle,1
James Eckhouse,1
Ed Gale,1
Mike Judge,1
Dana Kaminski,1
Irrfan Khan,1
C.S. Lee,1
Glenn Morshower,1
Tania Raymonde,1
Tim Rose,1
Remy Ryan,1
Jason Segel,1
Robin Shou,1
Natassia Malthe,1
Christian Tessier,1
Caroline Williams,1
Sarah Clarke,1
Christopher Freeman,1
Khushi Kapoor,1
Carolyn Minnott,1
Odessa Rae,1
Minglie Chen,1
LeBron James,1
Diego Klattenhoff,1
Jamie Chung,1
Max Minghella,1
Christian Serratos,1
Jon Daly,1
Trey Songz,1
Scott Eastwood,1
Matthew Kevin Anderson,1
Cassandra Scerbo,1
Shelley Hennig,1
Gal Gadot,1
Sonal Chauhan,1
Austin Stowell,1
Tituss Burgess,1
Rohan Chand,1
Charlotte Townsend,1
Ceyair J Wright,1
Bilal Hanci,1
Drew Barrymore,1
Nicole Kidman,1
Jennifer Lopez,1
Sally Field,1
Liev Schreiber,1
Christina Applegate,1
Benjamin Bratt,1
Lois Chiles,1
Alan Cumming,1
Judi Dench,1
Jennifer Love Hewitt,1
Mekhi Phifer,1
Ben Stiller,1
Regina King,1
Salman Khan,1
Kate Beahan,1
Kim Coates,1
Anil Dhawan,1
Martin Donovan,1
John Gallagher Jr.,1
Anthony Head,1
Christopher Heyerdahl,1
Martin Klebba,1
Andreas Leupold,1
Mario Machado,1
Deron McBee,1
Marc McClure,1
Damian McLawhorn,1
Phil Morris,1
Thandiwe Newton,1
Sophie Okonedo,1
Jim Piddock,1
Michael Rooker,1
Anthony Russell,1
Rodrigo Santoro,1
Justin Theroux,1
Aida Turturro,1
Brian White,1
Katarina Zutic,1
Danielle C. Ryan,1
Stephen Kankole,1
Kaysha Woollery,1
Juliette Danielle,1
Mindy Kaling,1
Paul Rae,1
Sunil Grover,1
Sebastien Andrieu,1
Ryan Martin,1
Susan Heyward,1
Sonequa Martin-Green,1
Pravin Tarde,1
Isaac Hempstead Wright,1
Kyle Catlett,1
Jason Derulo,1
Rosemary Annabella,1
Mahesh Balraj,1
Felix Dayan,1
Larry Bourgeois,1
Bianca A. Santos,1
Pankaj Anand,1
Antonio Banderas,1
Sean Bean,1
Vivica A. Fox,1
Terence Stamp,1
Lea Thompson,1
Reese Witherspoon,1
Christopher McDonald,1
Chazz Palminteri,1
Christopher Reeve,1
Christina Aguilera,1
Wes Bentley,1
Joely Fisher,1
Vinnie Jones,1
Melyssa Ade,1
Drake Bell,1
Vincent Castellanos,1
Elinor Donahue,1
Cheryl Hines,1
Pat Hingle,1
William Hope,1
Jacek Koman,1
Will Yun Lee,1
John Partridge,1
Amy Poehler,1
Mary Lynn Rajskub,1
Lester Speight,1
Cary-Hiroyuki Tagawa,1
John R. Taylor,1
Shaun Sipos,1
Emilia Faucher,1
Megan Fox,1
Matthew Gray Gubler,1
Tasneem Khan,1
Priyanka Chopra Jonas,1
Harper Leigh Alexander,1
Julia Jones,1
Emily Blunt,1
Kostas Sommer,1
Ye,1
Rene de Wit,1
Natasza Urbanska,1
Adelaide Clemens,1
Aaron Burns,1
Rebecca Henderson,1
Nenad Herakovic,1
Siddhant Karnick,1
Shikha Talsania,1
Jenn Proske,1
Sylvia Zidek,1
Jaih Betote,1
Reha Beyoglu,1
Devdutta Nage,1
Dan Baily,1
Susan Sarandon,1
David Cronenberg,1
Rupert Everett,1
Natasha Henstridge,1
Elle Macpherson,1
Dennis Quaid,1
Emma Thompson,1
Jon Cryer,1
Ricardo Montalban,1
Viggo Mortensen,1
Dave Foley,1
Jamie Kennedy,1
David Spade,1
Ian Ziering,1
Cliff Curtis,1
Nat Faxon,1
Tony Gardner,1
Nona Gaye,1
Ken Jeong,1
Randall Duk Kim,1
Shia LaBeouf,1
Lee Jung-jae,1
Kate Mara,1
Bruce McGill,1
Tim Blake Nelson,1
David Paetkau,1
Violante Placido,1
Jonathan Potts,1
Christine Taylor,1
Michael Wiseman,1
Tom Wopat,1
Bharti Achrekar,1
Tommy Wiseau,1
Robyn Paris,1
Edson T. Ribeiro,1
Fergus Riordan,1
Zoë Kravitz,1
Christopher Mintz-Plasse,1
Matt Shively,1
Alisha Boe,1
Chase Wright Vanek,1
LaKeith Stanfield,1
Emilia Clarke,1
Georgica Pettus,1
Tushar Acharya,1
Keanu Reeves,1
Nick Nolte,1
John Waters,1
Kathy Bates,1
John C. McGinley,1
Robert Patrick,1
Barry Pepper,1
Forest Whitaker,1
Emmy Rossum,1
Jason Lee,1
Freddie Prinze Jr.,1
Alanna Ubach,1
Sofía Vergara,1
Jason Kravits,1
John Ales,1
Jim Carrane,1
Keith-Lee Castle,1
Sofia Eng,1
Lena Headey,1
Jonathan Hyde,1
Michael B. Jordan,1
Jeroen Krabbé,1
Sylvain Landry,1
Johny Lever,1
Jodi Long,1
Aasif Mandvi,1
Marian Seldes,1
Greg Sestero,1
Bronislaw Wroclawski,1
Juno Temple,1
Andrew Barth Feldman,1
Olivia Wilde,1
Karen Ivany,1
Santana Roach,1
Texas Battle,1
Mete Güler,1
Ryan Falconer,1
Chris Ackerman,1
Ayhan Eroglu,1
Justin Chon,1
Ana Sakic,1
June Diane Raphael,1
Liam McIntyre,1
Tahar Rahim,1
Dean-Charles Chapman,1
Chris Riggi,1
Sarah Jane Dias,1
Tejaswini Pandit,1
Kartik Aaryan,1
Veronika Vernadskaya,1
Ava Kolker,1
Kriti Sanon,1
Sunny May Allison,1
Aasokaa,1
Jessica Allain,1
Khris Davis,1
Triptii Dimri,1
Atakan Özyurt,1
Abdul Quadir Amin,1
Chow Yun-Fat,1
Pam Grier,1
Dennis Hopper,1
Jada Pinkett Smith,1
Til Schweiger,1
Madhuri Dixit,1
Kareena Kapoor,1
Penélope Cruz,1
Lucy Liu,1
Jessica Simpson,1
Bruce Altman,1
Faune Chambers Watkins,1
Stephen Colbert,1
Duane Davis,1
Makrand Deshpande,1
Chad Everett,1
Sandra Hess,1
Alexondra Lee,1
Louis Lombardi,1
James MacDonald,1
Zosia Mamet,1
Melinda McGraw,1
Stephen Merchant,1
Temuera Morrison,1
Bob Newhart,1
Larry Reinhardt-Meyer,1
Callum Keith Rennie,1
Gianni Russo,1
Pilar Schneider,1
Matthew Settle,1
Nick Swardson,1
Sam Wanamaker,1
Michael Welch,1
Lynn 'Red' Williams,1
Jeff Witzke,1
Chip Zien,1
Nicholas Braun,1
Rachel Zegler,1
Michael Fassbender,1
Philip Haldiman,1
Sahil Vaid,1
Chris Geere,1
Liam Falconer,1
Rachael Taylor,1
Tarun Arora,1
Miles Teller,1
Katie Featherston,1
Ashlynn Yennie,1
Robbie Fairchild,1
Elsie Fisher,1
Jodie Turner-Smith,1
Sumiko Braun,1
Lorenza Izzo,1
Uttam Halder,1
Woody Carter,1
Sierra Hawkins,1
Sharon Stone,1
Alec Baldwin,1
Raul Julia,1
John Leguizamo,1
Samantha Mathis,1
Leslie Nielsen,1
Vince Vaughn,1
Halle Berry,1
Josh Brolin,1
Danny Trejo,1
Jennifer Garner,1
Sean Hayes,1
Tim Meadows,1
Lena Bogdanovic,1
Megan Cavanagh,1
Richard Cetrone,1
Deepak Chopra,1
Nikolaj Coster-Waldau,1
David Denman,1
Mike Dopud,1
Clea DuVall,1
Judah Friedlander,1
Melissa Fumero,1
Richard Gant,1
Jeff Geddis,1
Julie Hagerty,1
Margot Kidder,1
Ravi Kishan,1
Ricky Dean Logan,1
Keram Malicki-Sánchez,1
Clifton Powell,1
Paresh Rawal,1
Maya Rudolph,1
Molly Shannon,1
Tomasz Stockinger,1
Lisa Sturz,1
Eddie Kaye Thomas,1
Shaun Toub,1
Alexa PenaVega,1
Johnny Whitworth,1
Lambert Wilson,1
David Zayas,1
Niharika Kundu,1
Kyle Vogt,1
Mihir Ahuja,1
Glenn Howerton,1
Anna-Maria Sieklucka,1
Emma Stone,1
Bob Sapp,1
Jaden Smith,1
Prabhas,1
Jisshu Sengupta,1
Erika-Shaye Gair,1
Kieran O'Rorke,1
Joon Park,1
Douglas Booth,1
Alex Arleo,1
Varun Dhawan,1
Bernd Kostrau,1
Kennedi Clements,1
Gaia Weiss,1
Nell Hudson,1
Joshua Montes,1
Lily-Rose Depp,1
Megan Baily,1
Otto,1
Kritikka Avasthi,1
Aryan Preet,1
Richard Gere,1
Matt Dillon,1
Ray Liotta,1
Johnathon Schaech,1
Deborah Kara Unger,1
John Heard,1
Gulshan Grover,1
Marlon Wayans,1
Dato Bakhtadze,1
Alex Borstein,1
Peter Callan,1
Justin Chatwin,1
Scout Taylor-Compton,1
Liam Cunningham,1
Lezlie Deane,1
D.L. Hughley,1
Dieter Laser,1
Tyler Mane,1
Larry Miller,1
Jamal Mixon,1
Irina Pantaeva,1
Roshan Seth,1
Fiona Shaw,1
Saurabh Shukla,1
Douglas Smith,1
Seth Smith,1
Shawn Wayans,1
Welker White,1
Scott Wilson,1
The Weeknd,1
Prasanjit Chatterjee,1
Parisa Fitz-Henley,1
Kellan Lutz,1
Miodrag Krcmarik,1
Ayesha Raza Mishra,1
Manu Rishi Chadha,1
Abidin Yerebakan,1
Aditya Roy Kapoor,1
Crystal Reed,1
Phillip E. Walker,1
Vivian Le Borgne,1
Laurent Bourgeois,1
Vaani Kapoor,1
Moses Sumney,1
Kenneth Branagh,1
Michael Caine,1
Cuba Gooding Jr.,1
William H. Macy,1
Chris O'Donnell,1
Brent Spiner,1
Ernie Hudson,1
Roseanne Barr,1
Grand L. Bush,1
Eric Balfour,1
J. Paul Boehmer,1
Spencer Breslin,1
Michael Byrne,1
Eugenio Derbez,1
Shon Greenblatt,1
Mike Holmes,1
Katharine Houghton,1
Kristanna Loken,1
Lochlyn Munro,1
Meera Simhan,1
Sandra Oh,1
Sara Paxton,1
Jaason Simmons,1
Ben Stein,1
Verne Troyer,1
Liam Waite,1
Mary Wells,1
Connor Widdows,1
John Witherspoon,1
Sunny Mabrey,1
Kerem Doker,1
Brittany Oaks,1
Charlie Saxton,1
Gary 'G. Thang' Johnson,1
Jean-Luc Bilodeau,1
Brett Pickup,1
Winter Williams,1
Seychelle Gabriel,1
Egemen Erturk,1
Alexandra Fong,1
Brendon Eggertsen,1
Luka Mijatovic,1
Sophie Turner,1
Georgiy Gromov,1
Mohd. Zeeshan Ayyub,1
Elodie Tougne,1
Kiara Advani,1
Sara Ali Khan,1
Leah Brady,1
Mette Narrative,1
Anne Heche,1
Milla Jovovich,1
Jon Voight,1
Dabney Coleman,1
William Fichtner,1
Kevin Sorbo,1
Jessica Alba,1
Peter Facinelli,1
Traylor Howard,1
Sabine Karsenti,1
Justin Timberlake,1
Harland Williams,1
Victor Banerjee,1
Gil Birmingham,1
Kenneth Cranham,1
Ajay Devgn,1
Sacha Dhawan,1
Peter Dinklage,1
Lexa Doig,1
Dakota Fanning,1
Tom Green,1
Anne Haney,1
Christina Jastrzembska,1
Olek Krupa,1
Thomas Lennon,1
Alex D. Linz,1
Romany Malco,1
James Marsters,1
Sanjay Mishra,1
Sophie Monk,1
Luke Newberry,1
Tanya Newbould,1
Matt O'Leary,1
Jeremy Roberts,1
Reiner Schöne,1
Grazyna Szapolowska,1
Dov Tiefenbach,1
Mike Vogel,1
Orhan Aydin,1
Cameron Bright,1
Diane Chambers,1
Alexandra Daddario,1
Paul Nakauchi,1
Cam Gigandet,1
Shareeka Epps,1
Baran Teyin,1
Roberto Campanella,1
Vatsal Sheth,1
Charlie Barnett,1
Gianni Parisi,1
Kristen Hager,1
Atticus Shaffer,1
Kelsey Ledgin,1
Dan Yeager,1
Jason Liles,1
Dafne Keen,1
Disha Patani,1
Andrew Burnap,1
Cameron Diaz,1
Alicia Silverstone,1
Jean-Claude Van Damme,1
Jeffrey Jones,1
Alice Krige,1
Sarah Jessica Parker,1
Allison Janney,1
Billy Connolly,1
Katie Couric,1
Brittany Daniel,1
David DeLuise,1
Portia Doubleday,1
Chris Elliott,1
Mike Epps,1
Kevin Hart,1
Kane Hodder,1
Anna Maria Horsford,1
Rance Howard,1
Dana Ivey,1
Sheri Moon Zombie,1
S.D. Nemeth,1
Chris Noth,1
Kirsten Zien,1
Vijay Raaz,1
Redman,1
Pamela Reed,1
Jill Ritchie,1
Emma Roberts,1
Michael Roof,1
Will Sasso,1
Wanda Sykes,1
Catherine Tate,1
Guy Torry,1
Sam Trammell,1
Suhana Khan,1
Sangay Tsheltrim,1
Yuvraj Menda,1
Taylor Rice,1
Toby Kebbell,1
Ranbir Kapoor,1
Roxanne McKee,1
Spencer Wilding,1
Akihiro Kitamura,1
Brian Neal Lucero,1
Sydney Sweeney,1
Parker Fong,1
Noah Ringer,1
Magdalena Lamparska,1
Maisie Williams,1
Sam Richardson,1
Neil H. Berkow,1
Uma Thurman,1
Jennifer Tilly,1
Don Cheadle,1
Matthew Lillard,1
Ron Perlman,1
Jane Alexander,1
Simon Callow,1
Claire Forlani,1
Muse Watson,1
Adam Scott,1
Jason Schwartzman,1
Rene Auberjonois,1
Christa Campbell,1
Kathleen Chalfant,1
Jennifer Esposito,1
Olwen Fouéré,1
Robin Gammell,1
Jorge Garcia,1
Evan Handler,1
Anna Kendrick,1
Marie Matiko,1
Radha Mitchell,1
John Ortiz,1
Markus Parilo,1
Mark Pillow,1
Jeremy Swift,1
David Thornton,1
Jim Turner,1
Goran Visnjic,1
Lenny von Dohlen,1
Odette Annable,1
Russell Peters,1
Lucy Hale,1
Callum Balmforth,1
Aditi Saigal,1
Tad Hilgenbrink,1
Travis Van Winkle,1
Steve West,1
Vidya Balan,1
Deepika Padukone,1
Scottie Thompson,1
Bella Heathcote,1
Xosha Roquemore,1
Daren Kagasoff,1
Manny Jacinto,1
Gracie Whitton,1
Jimmy O. Yang,1
Ryan Morris,1
Darshan Gurjar,1
Owen Judge,1
Babrak Akbari,1
Joonas Suotamo,1
Karan Aanand,1
Sylvester Stallone,1
Shirley MacLaine,1
Philip Baker Hall,1
Frank Langella,1
Will Arnett,1
Wendie Malick,1
Marion Ross,1
Scott Speedman,1
Michelle Trachtenberg,1
Peter Baird,1
Richard Brake,1
Mark Burnham,1
Dayton Callie,1
Michael Cera,1
Stephen Dunham,1
Jaaved Jaaferi,1
Gosha Kutsenko,1
Method Man,1
Vanessa Lachey,1
Sarayu Blue,1
Bob Rubin,1
Lisa Ryder,1
Douglas Sills,1
Jimmi Simpson,1
Kim Smith,1
Eriko Tamura,1
Ashley Tisdale,1
Frank Welker,1
Kathryn Newton,1
Sorin Tofan,1
Antonio Quercia,1
Hanna Verboom,1
Jayma Mays,1
Dayanand Shetty,1
Erin Pitt,1
Amandla Stenberg,1
Laya Lewis,1
John Bradley,1
Ana Coto,1
Margaret Qualley,1
Olivia Cooke,1
Da'Vine Joy Randolph,1
Isabela Merced,1
Adele James,1
Michele Morrone,1
Diya Gupta,1
